Workbook

Sheet Borelog
A1: Depth From (m) | B1: Depth To (m) | C1: Soil Description | D1: Thickness | E1: Sand/ clay | F1: Average N vaue | H1: Parameter | I1: AGS Equivalent / Database Remark
A2: 0 | B2: 1.5 | C2: Filling Gravel | D2: =B2-A2 -> 1.5 | F2: =SPT_Data!H37 -> 2 | H2: Depth From | I2: GEOL.GEOL_TOP
A3: =B2 -> 1.5 | B3: 2.5 | C3: Soft Sandy CLAY with Organic Matters | D3: =B3-A3 -> 1 | E3: C | F3: =SPT_Data!I37 -> 2 | H3: Depth To | I3: GEOL.GEOL_BASE
A4: =B3 -> 2.5 | B4: 3.6 | C4: Very Soft Sandy CLAY | D4: =B4-A4 -> 1.1 | E4: C | F4: =SPT_Data!J37 -> 1 | H4: Soil Description | I4: GEOL.GEOL_DESC
A5: =B4 -> 3.6 | B5: 5.8 | C5: Very Soft Silty CLAY with Shell Dust | D5: =B5-A5 -> 2.2 | E5: C | F5: =SPT_Data!K37 -> 0 | H5: Thickness | I5: Derived: GEOL_BASE - GEOL_TOP
A6: =B5 -> 5.8 | B6: 6.8 | C6: Very Soft Silty CLAY with Organic Matters | D6: =B6-A6 -> 1 | E6: C | F6: =SPT_Data!L37 -> 0 | H6: Sand/Clay | I6: Custom derived material_class; use GEOL codes only if controlled
A7: =B6 -> 6.8 | B7: 11.5 | C7: Very Soft to Soft Silty CLAY | D7: =B7-A7 -> 4.7 | E7: C | F7: =SPT_Data!M37 -> 1.6666667 | H7: Average N | I7: Derived layer average from ISPT.ISPT_NVAL; keep ISPT rows as source
A8: =B7 -> 11.5 | B8: 14.4 | C8: Soft Silty CLAY with Shell Dust | D8: =B8-A8 -> 2.9 | E8: C | F8: =SPT_Data!N37 -> 3
A9: =B8 -> 14.4 | B9: 17.4 | C9: Soft Silty CLAY with Decayed Wood | D9: =B9-A9 -> 3 | E9: C | F9: =SPT_Data!O37 -> 4
A10: =B9 -> 17.4 | B10: 19 | C10: Stiff Sandy CLAY | D10: =B10-A10 -> 1.6 | E10: C | F10: =SPT_Data!P37 -> 12
A11: =B10 -> 19 | B11: 23.45 | C11: Dense Fine SAND | D11: =B11-A11 -> 4.45 | E11: S | F11: =SPT_Data!Q37 -> 0

Sheet Rock profile
A1: Depth From (m) | B1: Depth To (m) | C1: Rock Description | D1: Thickness | E1: Recovery | F1: RQD | G1: Remark | I1: Parameter | J1: AGS Equivalent / Database Remark
I2: Depth From/To | J2: CORE_TOP/CORE_BASE for core run; GEOL_TOP/BASE for rock stratum
I3: Rock Description | J3: GEOL.GEOL_DESC
I4: Thickness | J4: Derived from top/base
I5: Recovery | J5: CORE.CORE_PREC (CORE_SREC if solid recovery separately)
I6: RQD | J6: CORE.CORE_RQD
I7: Remark | J7: CORE_REM or GEOL_REM according to context

Sheet SPT_Data
A1: SPT Depth (m) | B1: Blows @15cm | C1: Blows @30cm | D1: Blows @45cm | E1: SPT N-value | H1: Layer 1 | I1: Layer 2 | J1: Layer 3 | K1: Layer 4 | L1: Layer 5 | M1: Layer 6 | N1: Layer 7 | O1: Layer 8 | P1: Layer 9 | R1: Parameter | S1: AGS Equivalent / Database Remark
A2: 1 | B2: 1 | C2: 1 | D2: 1 | E2: =D2+C2 -> 2 | H2: =IF(A2="","",IF(A2=Borelog!$A$2,E2,IF(A2>Borelog!$A$2,IF(SPT_Data!A2<Borelog!$B$2,SPT_Data!E2,""),""))) -> 2 | I2: =IF(A2="","",IF(A2=Borelog!$A$3,E2,IF(A2>Borelog!$A$3,IF(SPT_Data!A2<Borelog!$B$3,SPT_Data!E2,""),""))) | J2: =IF(A2="","",IF(A2=Borelog!$A$4,E2,IF(A2>Borelog!$A$4,IF(SPT_Data!A2<Borelog!$B$4,SPT_Data!E2,""),""))) | K2: =IF(A2="","",IF(A2=Borelog!$A$5,E2,IF(A2>Borelog!$A$5,IF(SPT_Data!A2<Borelog!$B$5,SPT_Data!E2,""),""))) | L2: =IF(A2="","",IF(A2=Borelog!$A$6,E2,IF(A2>Borelog!$A$6,IF(SPT_Data!A2<Borelog!$B$6,SPT_Data!E2,""),""))) | M2: =IF(A2="","",IF(A2=Borelog!$A$7,E2,IF(A2>Borelog!$A$7,IF(SPT_Data!A2<Borelog!$B$7,SPT_Data!E2,""),""))) | N2: =IF(A2="","",IF(A2=Borelog!$A$8,E2,IF(A2>Borelog!$A$8,IF(SPT_Data!A2<Borelog!$B$8,SPT_Data!E2,""),""))) | O2: =IF(A2="","",IF(A2=Borelog!$A$9,E2,IF(A2>Borelog!$A$9,IF(SPT_Data!A2<Borelog!$B$9,SPT_Data!E2,""),""))) | P2: =IF(A2="","",IF(A2=Borelog!$A$10,E2,IF(A2>Borelog!$A$10,IF(SPT_Data!A2<Borelog!$B$10,SPT_Data!E2,""),""))) | R2: SPT Depth | S2: ISPT.ISPT_TOP
A3: 2 | B3: 1 | C3: 1 | D3: 1 | E3: =D3+C3 -> 2 | H3: =IF(A3="","",IF(A3=Borelog!$A$2,E3,IF(A3>Borelog!$A$2,IF(SPT_Data!A3<Borelog!$B$2,SPT_Data!E3,""),""))) | I3: =IF(A3="","",IF(A3=Borelog!$A$3,E3,IF(A3>Borelog!$A$3,IF(SPT_Data!A3<Borelog!$B$3,SPT_Data!E3,""),""))) -> 2 | J3: =IF(A3="","",IF(A3=Borelog!$A$4,E3,IF(A3>Borelog!$A$4,IF(SPT_Data!A3<Borelog!$B$4,SPT_Data!E3,""),""))) | K3: =IF(A3="","",IF(A3=Borelog!$A$5,E3,IF(A3>Borelog!$A$5,IF(SPT_Data!A3<Borelog!$B$5,SPT_Data!E3,""),""))) | L3: =IF(A3="","",IF(A3=Borelog!$A$6,E3,IF(A3>Borelog!$A$6,IF(SPT_Data!A3<Borelog!$B$6,SPT_Data!E3,""),""))) | M3: =IF(A3="","",IF(A3=Borelog!$A$7,E3,IF(A3>Borelog!$A$7,IF(SPT_Data!A3<Borelog!$B$7,SPT_Data!E3,""),""))) | N3: =IF(A3="","",IF(A3=Borelog!$A$8,E3,IF(A3>Borelog!$A$8,IF(SPT_Data!A3<Borelog!$B$8,SPT_Data!E3,""),""))) | O3: =IF(A3="","",IF(A3=Borelog!$A$9,E3,IF(A3>Borelog!$A$9,IF(SPT_Data!A3<Borelog!$B$9,SPT_Data!E3,""),""))) | P3: =IF(A3="","",IF(A3=Borelog!$A$10,E3,IF(A3>Borelog!$A$10,IF(SPT_Data!A3<Borelog!$B$10,SPT_Data!E3,""),""))) | R3: Blows first 150 mm | S3: ISPT_INC1; ISPT_SEAT where standard seating
A4: 3 | B4: 1 | C4: 1 | D4: 0 | E4: =D4+C4 -> 1 | H4: =IF(A4="","",IF(A4=Borelog!$A$2,E4,IF(A4>Borelog!$A$2,IF(SPT_Data!A4<Borelog!$B$2,SPT_Data!E4,""),""))) | I4: =IF(A4="","",IF(A4=Borelog!$A$3,E4,IF(A4>Borelog!$A$3,IF(SPT_Data!A4<Borelog!$B$3,SPT_Data!E4,""),""))) | J4: =IF(A4="","",IF(A4=Borelog!$A$4,E4,IF(A4>Borelog!$A$4,IF(SPT_Data!A4<Borelog!$B$4,SPT_Data!E4,""),""))) -> 1 | K4: =IF(A4="","",IF(A4=Borelog!$A$5,E4,IF(A4>Borelog!$A$5,IF(SPT_Data!A4<Borelog!$B$5,SPT_Data!E4,""),""))) | L4: =IF(A4="","",IF(A4=Borelog!$A$6,E4,IF(A4>Borelog!$A$6,IF(SPT_Data!A4<Borelog!$B$6,SPT_Data!E4,""),""))) | M4: =IF(A4="","",IF(A4=Borelog!$A$7,E4,IF(A4>Borelog!$A$7,IF(SPT_Data!A4<Borelog!$B$7,SPT_Data!E4,""),""))) | N4: =IF(A4="","",IF(A4=Borelog!$A$8,E4,IF(A4>Borelog!$A$8,IF(SPT_Data!A4<Borelog!$B$8,SPT_Data!E4,""),""))) | O4: =IF(A4="","",IF(A4=Borelog!$A$9,E4,IF(A4>Borelog!$A$9,IF(SPT_Data!A4<Borelog!$B$9,SPT_Data!E4,""),""))) | P4: =IF(A4="","",IF(A4=Borelog!$A$10,E4,IF(A4>Borelog!$A$10,IF(SPT_Data!A4<Borelog!$B$10,SPT_Data!E4,""),""))) | R4: Blows second 150 mm | S4: ISPT_INC2
A5: 4.5 | B5: 1 | C5: 0 | D5: 0 | E5: =D5+C5 -> 0 | H5: =IF(A5="","",IF(A5=Borelog!$A$2,E5,IF(A5>Borelog!$A$2,IF(SPT_Data!A5<Borelog!$B$2,SPT_Data!E5,""),""))) | I5: =IF(A5="","",IF(A5=Borelog!$A$3,E5,IF(A5>Borelog!$A$3,IF(SPT_Data!A5<Borelog!$B$3,SPT_Data!E5,""),""))) | J5: =IF(A5="","",IF(A5=Borelog!$A$4,E5,IF(A5>Borelog!$A$4,IF(SPT_Data!A5<Borelog!$B$4,SPT_Data!E5,""),""))) | K5: =IF(A5="","",IF(A5=Borelog!$A$5,E5,IF(A5>Borelog!$A$5,IF(SPT_Data!A5<Borelog!$B$5,SPT_Data!E5,""),""))) -> 0 | L5: =IF(A5="","",IF(A5=Borelog!$A$6,E5,IF(A5>Borelog!$A$6,IF(SPT_Data!A5<Borelog!$B$6,SPT_Data!E5,""),""))) | M5: =IF(A5="","",IF(A5=Borelog!$A$7,E5,IF(A5>Borelog!$A$7,IF(SPT_Data!A5<Borelog!$B$7,SPT_Data!E5,""),""))) | N5: =IF(A5="","",IF(A5=Borelog!$A$8,E5,IF(A5>Borelog!$A$8,IF(SPT_Data!A5<Borelog!$B$8,SPT_Data!E5,""),""))) | O5: =IF(A5="","",IF(A5=Borelog!$A$9,E5,IF(A5>Borelog!$A$9,IF(SPT_Data!A5<Borelog!$B$9,SPT_Data!E5,""),""))) | P5: =IF(A5="","",IF(A5=Borelog!$A$10,E5,IF(A5>Borelog!$A$10,IF(SPT_Data!A5<Borelog!$B$10,SPT_Data!E5,""),""))) | R5: Blows third 150 mm | S5: ISPT_INC3
A6: 6 | B6: 1 | C6: 0 | D6: 0 | E6: =D6+C6 -> 0 | H6: =IF(A6="","",IF(A6=Borelog!$A$2,E6,IF(A6>Borelog!$A$2,IF(SPT_Data!A6<Borelog!$B$2,SPT_Data!E6,""),""))) | I6: =IF(A6="","",IF(A6=Borelog!$A$3,E6,IF(A6>Borelog!$A$3,IF(SPT_Data!A6<Borelog!$B$3,SPT_Data!E6,""),""))) | J6: =IF(A6="","",IF(A6=Borelog!$A$4,E6,IF(A6>Borelog!$A$4,IF(SPT_Data!A6<Borelog!$B$4,SPT_Data!E6,""),""))) | K6: =IF(A6="","",IF(A6=Borelog!$A$5,E6,IF(A6>Borelog!$A$5,IF(SPT_Data!A6<Borelog!$B$5,SPT_Data!E6,""),""))) | L6: =IF(A6="","",IF(A6=Borelog!$A$6,E6,IF(A6>Borelog!$A$6,IF(SPT_Data!A6<Borelog!$B$6,SPT_Data!E6,""),""))) -> 0 | M6: =IF(A6="","",IF(A6=Borelog!$A$7,E6,IF(A6>Borelog!$A$7,IF(SPT_Data!A6<Borelog!$B$7,SPT_Data!E6,""),""))) | N6: =IF(A6="","",IF(A6=Borelog!$A$8,E6,IF(A6>Borelog!$A$8,IF(SPT_Data!A6<Borelog!$B$8,SPT_Data!E6,""),""))) | O6: =IF(A6="","",IF(A6=Borelog!$A$9,E6,IF(A6>Borelog!$A$9,IF(SPT_Data!A6<Borelog!$B$9,SPT_Data!E6,""),""))) | P6: =IF(A6="","",IF(A6=Borelog!$A$10,E6,IF(A6>Borelog!$A$10,IF(SPT_Data!A6<Borelog!$B$10,SPT_Data!E6,""),""))) | R6: SPT N | S6: ISPT_NVAL; main drive also ISPT_MAIN
A7: 7.5 | B7: 1 | C7: 0 | D7: 1 | E7: =D7+C7 -> 1 | H7: =IF(A7="","",IF(A7=Borelog!$A$2,E7,IF(A7>Borelog!$A$2,IF(SPT_Data!A7<Borelog!$B$2,SPT_Data!E7,""),""))) | I7: =IF(A7="","",IF(A7=Borelog!$A$3,E7,IF(A7>Borelog!$A$3,IF(SPT_Data!A7<Borelog!$B$3,SPT_Data!E7,""),""))) | J7: =IF(A7="","",IF(A7=Borelog!$A$4,E7,IF(A7>Borelog!$A$4,IF(SPT_Data!A7<Borelog!$B$4,SPT_Data!E7,""),""))) | K7: =IF(A7="","",IF(A7=Borelog!$A$5,E7,IF(A7>Borelog!$A$5,IF(SPT_Data!A7<Borelog!$B$5,SPT_Data!E7,""),""))) | L7: =IF(A7="","",IF(A7=Borelog!$A$6,E7,IF(A7>Borelog!$A$6,IF(SPT_Data!A7<Borelog!$B$6,SPT_Data!E7,""),""))) | M7: =IF(A7="","",IF(A7=Borelog!$A$7,E7,IF(A7>Borelog!$A$7,IF(SPT_Data!A7<Borelog!$B$7,SPT_Data!E7,""),""))) -> 1 | N7: =IF(A7="","",IF(A7=Borelog!$A$8,E7,IF(A7>Borelog!$A$8,IF(SPT_Data!A7<Borelog!$B$8,SPT_Data!E7,""),""))) | O7: =IF(A7="","",IF(A7=Borelog!$A$9,E7,IF(A7>Borelog!$A$9,IF(SPT_Data!A7<Borelog!$B$9,SPT_Data!E7,""),""))) | P7: =IF(A7="","",IF(A7=Borelog!$A$10,E7,IF(A7>Borelog!$A$10,IF(SPT_Data!A7<Borelog!$B$10,SPT_Data!E7,""),""))) | R7: Layer 1–9 | S7: Derived join to GEOL intervals; no separate AGS storage
A8: 9 | B8: 1 | C8: 1 | D8: 1 | E8: =D8+C8 -> 2 | H8: =IF(A8="","",IF(A8=Borelog!$A$2,E8,IF(A8>Borelog!$A$2,IF(SPT_Data!A8<Borelog!$B$2,SPT_Data!E8,""),""))) | I8: =IF(A8="","",IF(A8=Borelog!$A$3,E8,IF(A8>Borelog!$A$3,IF(SPT_Data!A8<Borelog!$B$3,SPT_Data!E8,""),""))) | J8: =IF(A8="","",IF(A8=Borelog!$A$4,E8,IF(A8>Borelog!$A$4,IF(SPT_Data!A8<Borelog!$B$4,SPT_Data!E8,""),""))) | K8: =IF(A8="","",IF(A8=Borelog!$A$5,E8,IF(A8>Borelog!$A$5,IF(SPT_Data!A8<Borelog!$B$5,SPT_Data!E8,""),""))) | L8: =IF(A8="","",IF(A8=Borelog!$A$6,E8,IF(A8>Borelog!$A$6,IF(SPT_Data!A8<Borelog!$B$6,SPT_Data!E8,""),""))) | M8: =IF(A8="","",IF(A8=Borelog!$A$7,E8,IF(A8>Borelog!$A$7,IF(SPT_Data!A8<Borelog!$B$7,SPT_Data!E8,""),""))) -> 2 | N8: =IF(A8="","",IF(A8=Borelog!$A$8,E8,IF(A8>Borelog!$A$8,IF(SPT_Data!A8<Borelog!$B$8,SPT_Data!E8,""),""))) | O8: =IF(A8="","",IF(A8=Borelog!$A$9,E8,IF(A8>Borelog!$A$9,IF(SPT_Data!A8<Borelog!$B$9,SPT_Data!E8,""),""))) | P8: =IF(A8="","",IF(A8=Borelog!$A$10,E8,IF(A8>Borelog!$A$10,IF(SPT_Data!A8<Borelog!$B$10,SPT_Data!E8,""),"")))
A9: 10.5 | B9: 1 | C9: 1 | D9: 1 | E9: =D9+C9 -> 2 | H9: =IF(A9="","",IF(A9=Borelog!$A$2,E9,IF(A9>Borelog!$A$2,IF(SPT_Data!A9<Borelog!$B$2,SPT_Data!E9,""),""))) | I9: =IF(A9="","",IF(A9=Borelog!$A$3,E9,IF(A9>Borelog!$A$3,IF(SPT_Data!A9<Borelog!$B$3,SPT_Data!E9,""),""))) | J9: =IF(A9="","",IF(A9=Borelog!$A$4,E9,IF(A9>Borelog!$A$4,IF(SPT_Data!A9<Borelog!$B$4,SPT_Data!E9,""),""))) | K9: =IF(A9="","",IF(A9=Borelog!$A$5,E9,IF(A9>Borelog!$A$5,IF(SPT_Data!A9<Borelog!$B$5,SPT_Data!E9,""),""))) | L9: =IF(A9="","",IF(A9=Borelog!$A$6,E9,IF(A9>Borelog!$A$6,IF(SPT_Data!A9<Borelog!$B$6,SPT_Data!E9,""),""))) | M9: =IF(A9="","",IF(A9=Borelog!$A$7,E9,IF(A9>Borelog!$A$7,IF(SPT_Data!A9<Borelog!$B$7,SPT_Data!E9,""),""))) -> 2 | N9: =IF(A9="","",IF(A9=Borelog!$A$8,E9,IF(A9>Borelog!$A$8,IF(SPT_Data!A9<Borelog!$B$8,SPT_Data!E9,""),""))) | O9: =IF(A9="","",IF(A9=Borelog!$A$9,E9,IF(A9>Borelog!$A$9,IF(SPT_Data!A9<Borelog!$B$9,SPT_Data!E9,""),""))) | P9: =IF(A9="","",IF(A9=Borelog!$A$10,E9,IF(A9>Borelog!$A$10,IF(SPT_Data!A9<Borelog!$B$10,SPT_Data!E9,""),"")))
A10: 12 | B10: 1 | C10: 2 | D10: 1 | E10: =D10+C10 -> 3 | H10: =IF(A10="","",IF(A10=Borelog!$A$2,E10,IF(A10>Borelog!$A$2,IF(SPT_Data!A10<Borelog!$B$2,SPT_Data!E10,""),""))) | I10: =IF(A10="","",IF(A10=Borelog!$A$3,E10,IF(A10>Borelog!$A$3,IF(SPT_Data!A10<Borelog!$B$3,SPT_Data!E10,""),""))) | J10: =IF(A10="","",IF(A10=Borelog!$A$4,E10,IF(A10>Borelog!$A$4,IF(SPT_Data!A10<Borelog!$B$4,SPT_Data!E10,""),""))) | K10: =IF(A10="","",IF(A10=Borelog!$A$5,E10,IF(A10>Borelog!$A$5,IF(SPT_Data!A10<Borelog!$B$5,SPT_Data!E10,""),""))) | L10: =IF(A10="","",IF(A10=Borelog!$A$6,E10,IF(A10>Borelog!$A$6,IF(SPT_Data!A10<Borelog!$B$6,SPT_Data!E10,""),""))) | M10: =IF(A10="","",IF(A10=Borelog!$A$7,E10,IF(A10>Borelog!$A$7,IF(SPT_Data!A10<Borelog!$B$7,SPT_Data!E10,""),""))) | N10: =IF(A10="","",IF(A10=Borelog!$A$8,E10,IF(A10>Borelog!$A$8,IF(SPT_Data!A10<Borelog!$B$8,SPT_Data!E10,""),""))) -> 3 | O10: =IF(A10="","",IF(A10=Borelog!$A$9,E10,IF(A10>Borelog!$A$9,IF(SPT_Data!A10<Borelog!$B$9,SPT_Data!E10,""),""))) | P10: =IF(A10="","",IF(A10=Borelog!$A$10,E10,IF(A10>Borelog!$A$10,IF(SPT_Data!A10<Borelog!$B$10,SPT_Data!E10,""),"")))
A11: 13.5 | B11: 1 | C11: 1 | D11: 2 | E11: =D11+C11 -> 3 | H11: =IF(A11="","",IF(A11=Borelog!$A$2,E11,IF(A11>Borelog!$A$2,IF(SPT_Data!A11<Borelog!$B$2,SPT_Data!E11,""),""))) | I11: =IF(A11="","",IF(A11=Borelog!$A$3,E11,IF(A11>Borelog!$A$3,IF(SPT_Data!A11<Borelog!$B$3,SPT_Data!E11,""),""))) | J11: =IF(A11="","",IF(A11=Borelog!$A$4,E11,IF(A11>Borelog!$A$4,IF(SPT_Data!A11<Borelog!$B$4,SPT_Data!E11,""),""))) | K11: =IF(A11="","",IF(A11=Borelog!$A$5,E11,IF(A11>Borelog!$A$5,IF(SPT_Data!A11<Borelog!$B$5,SPT_Data!E11,""),""))) | L11: =IF(A11="","",IF(A11=Borelog!$A$6,E11,IF(A11>Borelog!$A$6,IF(SPT_Data!A11<Borelog!$B$6,SPT_Data!E11,""),""))) | M11: =IF(A11="","",IF(A11=Borelog!$A$7,E11,IF(A11>Borelog!$A$7,IF(SPT_Data!A11<Borelog!$B$7,SPT_Data!E11,""),""))) | N11: =IF(A11="","",IF(A11=Borelog!$A$8,E11,IF(A11>Borelog!$A$8,IF(SPT_Data!A11<Borelog!$B$8,SPT_Data!E11,""),""))) -> 3 | O11: =IF(A11="","",IF(A11=Borelog!$A$9,E11,IF(A11>Borelog!$A$9,IF(SPT_Data!A11<Borelog!$B$9,SPT_Data!E11,""),""))) | P11: =IF(A11="","",IF(A11=Borelog!$A$10,E11,IF(A11>Borelog!$A$10,IF(SPT_Data!A11<Borelog!$B$10,SPT_Data!E11,""),"")))
A12: 15 | B12: 1 | C12: 2 | D12: 2 | E12: =D12+C12 -> 4 | H12: =IF(A12="","",IF(A12=Borelog!$A$2,E12,IF(A12>Borelog!$A$2,IF(SPT_Data!A12<Borelog!$B$2,SPT_Data!E12,""),""))) | I12: =IF(A12="","",IF(A12=Borelog!$A$3,E12,IF(A12>Borelog!$A$3,IF(SPT_Data!A12<Borelog!$B$3,SPT_Data!E12,""),""))) | J12: =IF(A12="","",IF(A12=Borelog!$A$4,E12,IF(A12>Borelog!$A$4,IF(SPT_Data!A12<Borelog!$B$4,SPT_Data!E12,""),""))) | K12: =IF(A12="","",IF(A12=Borelog!$A$5,E12,IF(A12>Borelog!$A$5,IF(SPT_Data!A12<Borelog!$B$5,SPT_Data!E12,""),""))) | L12: =IF(A12="","",IF(A12=Borelog!$A$6,E12,IF(A12>Borelog!$A$6,IF(SPT_Data!A12<Borelog!$B$6,SPT_Data!E12,""),""))) | M12: =IF(A12="","",IF(A12=Borelog!$A$7,E12,IF(A12>Borelog!$A$7,IF(SPT_Data!A12<Borelog!$B$7,SPT_Data!E12,""),""))) | N12: =IF(A12="","",IF(A12=Borelog!$A$8,E12,IF(A12>Borelog!$A$8,IF(SPT_Data!A12<Borelog!$B$8,SPT_Data!E12,""),""))) | O12: =IF(A12="","",IF(A12=Borelog!$A$9,E12,IF(A12>Borelog!$A$9,IF(SPT_Data!A12<Borelog!$B$9,SPT_Data!E12,""),""))) -> 4 | P12: =IF(A12="","",IF(A12=Borelog!$A$10,E12,IF(A12>Borelog!$A$10,IF(SPT_Data!A12<Borelog!$B$10,SPT_Data!E12,""),"")))
A13: 18 | B13: 8 | C13: 6 | D13: 6 | E13: =D13+C13 -> 12 | H13: =IF(A13="","",IF(A13=Borelog!$A$2,E13,IF(A13>Borelog!$A$2,IF(SPT_Data!A13<Borelog!$B$2,SPT_Data!E13,""),""))) | I13: =IF(A13="","",IF(A13=Borelog!$A$3,E13,IF(A13>Borelog!$A$3,IF(SPT_Data!A13<Borelog!$B$3,SPT_Data!E13,""),""))) | J13: =IF(A13="","",IF(A13=Borelog!$A$4,E13,IF(A13>Borelog!$A$4,IF(SPT_Data!A13<Borelog!$B$4,SPT_Data!E13,""),""))) | K13: =IF(A13="","",IF(A13=Borelog!$A$5,E13,IF(A13>Borelog!$A$5,IF(SPT_Data!A13<Borelog!$B$5,SPT_Data!E13,""),""))) | L13: =IF(A13="","",IF(A13=Borelog!$A$6,E13,IF(A13>Borelog!$A$6,IF(SPT_Data!A13<Borelog!$B$6,SPT_Data!E13,""),""))) | M13: =IF(A13="","",IF(A13=Borelog!$A$7,E13,IF(A13>Borelog!$A$7,IF(SPT_Data!A13<Borelog!$B$7,SPT_Data!E13,""),""))) | N13: =IF(A13="","",IF(A13=Borelog!$A$8,E13,IF(A13>Borelog!$A$8,IF(SPT_Data!A13<Borelog!$B$8,SPT_Data!E13,""),""))) | O13: =IF(A13="","",IF(A13=Borelog!$A$9,E13,IF(A13>Borelog!$A$9,IF(SPT_Data!A13<Borelog!$B$9,SPT_Data!E13,""),""))) | P13: =IF(A13="","",IF(A13=Borelog!$A$10,E13,IF(A13>Borelog!$A$10,IF(SPT_Data!A13<Borelog!$B$10,SPT_Data!E13,""),""))) -> 12
A14: 20 | B14: 13 | C14: 24 | D14: 26 | E14: =D14+C14 -> 50 | H14: =IF(A14="","",IF(A14=Borelog!$A$2,E14,IF(A14>Borelog!$A$2,IF(SPT_Data!A14<Borelog!$B$2,SPT_Data!E14,""),""))) | I14: =IF(A14="","",IF(A14=Borelog!$A$3,E14,IF(A14>Borelog!$A$3,IF(SPT_Data!A14<Borelog!$B$3,SPT_Data!E14,""),""))) | J14: =IF(A14="","",IF(A14=Borelog!$A$4,E14,IF(A14>Borelog!$A$4,IF(SPT_Data!A14<Borelog!$B$4,SPT_Data!E14,""),""))) | K14: =IF(A14="","",IF(A14=Borelog!$A$5,E14,IF(A14>Borelog!$A$5,IF(SPT_Data!A14<Borelog!$B$5,SPT_Data!E14,""),""))) | L14: =IF(A14="","",IF(A14=Borelog!$A$6,E14,IF(A14>Borelog!$A$6,IF(SPT_Data!A14<Borelog!$B$6,SPT_Data!E14,""),""))) | M14: =IF(A14="","",IF(A14=Borelog!$A$7,E14,IF(A14>Borelog!$A$7,IF(SPT_Data!A14<Borelog!$B$7,SPT_Data!E14,""),""))) | N14: =IF(A14="","",IF(A14=Borelog!$A$8,E14,IF(A14>Borelog!$A$8,IF(SPT_Data!A14<Borelog!$B$8,SPT_Data!E14,""),""))) | O14: =IF(A14="","",IF(A14=Borelog!$A$9,E14,IF(A14>Borelog!$A$9,IF(SPT_Data!A14<Borelog!$B$9,SPT_Data!E14,""),""))) | P14: =IF(A14="","",IF(A14=Borelog!$A$10,E14,IF(A14>Borelog!$A$10,IF(SPT_Data!A14<Borelog!$B$10,SPT_Data!E14,""),"")))
A15: 23 | B15: 12 | C15: 19 | D15: 26 | E15: =D15+C15 -> 45 | H15: =IF(A15="","",IF(A15=Borelog!$A$2,E15,IF(A15>Borelog!$A$2,IF(SPT_Data!A15<Borelog!$B$2,SPT_Data!E15,""),""))) | I15: =IF(A15="","",IF(A15=Borelog!$A$3,E15,IF(A15>Borelog!$A$3,IF(SPT_Data!A15<Borelog!$B$3,SPT_Data!E15,""),""))) | J15: =IF(A15="","",IF(A15=Borelog!$A$4,E15,IF(A15>Borelog!$A$4,IF(SPT_Data!A15<Borelog!$B$4,SPT_Data!E15,""),""))) | K15: =IF(A15="","",IF(A15=Borelog!$A$5,E15,IF(A15>Borelog!$A$5,IF(SPT_Data!A15<Borelog!$B$5,SPT_Data!E15,""),""))) | L15: =IF(A15="","",IF(A15=Borelog!$A$6,E15,IF(A15>Borelog!$A$6,IF(SPT_Data!A15<Borelog!$B$6,SPT_Data!E15,""),""))) | M15: =IF(A15="","",IF(A15=Borelog!$A$7,E15,IF(A15>Borelog!$A$7,IF(SPT_Data!A15<Borelog!$B$7,SPT_Data!E15,""),""))) | N15: =IF(A15="","",IF(A15=Borelog!$A$8,E15,IF(A15>Borelog!$A$8,IF(SPT_Data!A15<Borelog!$B$8,SPT_Data!E15,""),""))) | O15: =IF(A15="","",IF(A15=Borelog!$A$9,E15,IF(A15>Borelog!$A$9,IF(SPT_Data!A15<Borelog!$B$9,SPT_Data!E15,""),""))) | P15: =IF(A15="","",IF(A15=Borelog!$A$10,E15,IF(A15>Borelog!$A$10,IF(SPT_Data!A15<Borelog!$B$10,SPT_Data!E15,""),"")))
H16: =IF(A16="","",IF(A16=Borelog!$A$2,E16,IF(A16>Borelog!$A$2,IF(SPT_Data!A16<Borelog!$B$2,SPT_Data!E16,""),""))) | I16: =IF(A16="","",IF(A16=Borelog!$A$3,E16,IF(A16>Borelog!$A$3,IF(SPT_Data!A16<Borelog!$B$3,SPT_Data!E16,""),""))) | J16: =IF(A16="","",IF(A16=Borelog!$A$4,E16,IF(A16>Borelog!$A$4,IF(SPT_Data!A16<Borelog!$B$4,SPT_Data!E16,""),""))) | K16: =IF(A16="","",IF(A16=Borelog!$A$5,E16,IF(A16>Borelog!$A$5,IF(SPT_Data!A16<Borelog!$B$5,SPT_Data!E16,""),""))) | L16: =IF(A16="","",IF(A16=Borelog!$A$6,E16,IF(A16>Borelog!$A$6,IF(SPT_Data!A16<Borelog!$B$6,SPT_Data!E16,""),""))) | M16: =IF(A16="","",IF(A16=Borelog!$A$7,E16,IF(A16>Borelog!$A$7,IF(SPT_Data!A16<Borelog!$B$7,SPT_Data!E16,""),""))) | N16: =IF(A16="","",IF(A16=Borelog!$A$8,E16,IF(A16>Borelog!$A$8,IF(SPT_Data!A16<Borelog!$B$8,SPT_Data!E16,""),""))) | O16: =IF(A16="","",IF(A16=Borelog!$A$9,E16,IF(A16>Borelog!$A$9,IF(SPT_Data!A16<Borelog!$B$9,SPT_Data!E16,""),""))) | P16: =IF(A16="","",IF(A16=Borelog!$A$10,E16,IF(A16>Borelog!$A$10,IF(SPT_Data!A16<Borelog!$B$10,SPT_Data!E16,""),"")))
H17: =IF(A17="","",IF(A17=Borelog!$A$2,E17,IF(A17>Borelog!$A$2,IF(SPT_Data!A17<Borelog!$B$2,SPT_Data!E17,""),""))) | I17: =IF(A17="","",IF(A17=Borelog!$A$3,E17,IF(A17>Borelog!$A$3,IF(SPT_Data!A17<Borelog!$B$3,SPT_Data!E17,""),""))) | J17: =IF(A17="","",IF(A17=Borelog!$A$4,E17,IF(A17>Borelog!$A$4,IF(SPT_Data!A17<Borelog!$B$4,SPT_Data!E17,""),""))) | K17: =IF(A17="","",IF(A17=Borelog!$A$5,E17,IF(A17>Borelog!$A$5,IF(SPT_Data!A17<Borelog!$B$5,SPT_Data!E17,""),""))) | L17: =IF(A17="","",IF(A17=Borelog!$A$6,E17,IF(A17>Borelog!$A$6,IF(SPT_Data!A17<Borelog!$B$6,SPT_Data!E17,""),""))) | M17: =IF(A17="","",IF(A17=Borelog!$A$7,E17,IF(A17>Borelog!$A$7,IF(SPT_Data!A17<Borelog!$B$7,SPT_Data!E17,""),""))) | N17: =IF(A17="","",IF(A17=Borelog!$A$8,E17,IF(A17>Borelog!$A$8,IF(SPT_Data!A17<Borelog!$B$8,SPT_Data!E17,""),""))) | O17: =IF(A17="","",IF(A17=Borelog!$A$9,E17,IF(A17>Borelog!$A$9,IF(SPT_Data!A17<Borelog!$B$9,SPT_Data!E17,""),""))) | P17: =IF(A17="","",IF(A17=Borelog!$A$10,E17,IF(A17>Borelog!$A$10,IF(SPT_Data!A17<Borelog!$B$10,SPT_Data!E17,""),"")))
H18: =IF(A18="","",IF(A18=Borelog!$A$2,E18,IF(A18>Borelog!$A$2,IF(SPT_Data!A18<Borelog!$B$2,SPT_Data!E18,""),""))) | I18: =IF(A18="","",IF(A18=Borelog!$A$3,E18,IF(A18>Borelog!$A$3,IF(SPT_Data!A18<Borelog!$B$3,SPT_Data!E18,""),""))) | J18: =IF(A18="","",IF(A18=Borelog!$A$4,E18,IF(A18>Borelog!$A$4,IF(SPT_Data!A18<Borelog!$B$4,SPT_Data!E18,""),""))) | K18: =IF(A18="","",IF(A18=Borelog!$A$5,E18,IF(A18>Borelog!$A$5,IF(SPT_Data!A18<Borelog!$B$5,SPT_Data!E18,""),""))) | L18: =IF(A18="","",IF(A18=Borelog!$A$6,E18,IF(A18>Borelog!$A$6,IF(SPT_Data!A18<Borelog!$B$6,SPT_Data!E18,""),""))) | M18: =IF(A18="","",IF(A18=Borelog!$A$7,E18,IF(A18>Borelog!$A$7,IF(SPT_Data!A18<Borelog!$B$7,SPT_Data!E18,""),""))) | N18: =IF(A18="","",IF(A18=Borelog!$A$8,E18,IF(A18>Borelog!$A$8,IF(SPT_Data!A18<Borelog!$B$8,SPT_Data!E18,""),""))) | O18: =IF(A18="","",IF(A18=Borelog!$A$9,E18,IF(A18>Borelog!$A$9,IF(SPT_Data!A18<Borelog!$B$9,SPT_Data!E18,""),""))) | P18: =IF(A18="","",IF(A18=Borelog!$A$10,E18,IF(A18>Borelog!$A$10,IF(SPT_Data!A18<Borelog!$B$10,SPT_Data!E18,""),"")))
H19: =IF(A19="","",IF(A19=Borelog!$A$2,E19,IF(A19>Borelog!$A$2,IF(SPT_Data!A19<Borelog!$B$2,SPT_Data!E19,""),""))) | I19: =IF(A19="","",IF(A19=Borelog!$A$3,E19,IF(A19>Borelog!$A$3,IF(SPT_Data!A19<Borelog!$B$3,SPT_Data!E19,""),""))) | J19: =IF(A19="","",IF(A19=Borelog!$A$4,E19,IF(A19>Borelog!$A$4,IF(SPT_Data!A19<Borelog!$B$4,SPT_Data!E19,""),""))) | K19: =IF(A19="","",IF(A19=Borelog!$A$5,E19,IF(A19>Borelog!$A$5,IF(SPT_Data!A19<Borelog!$B$5,SPT_Data!E19,""),""))) | L19: =IF(A19="","",IF(A19=Borelog!$A$6,E19,IF(A19>Borelog!$A$6,IF(SPT_Data!A19<Borelog!$B$6,SPT_Data!E19,""),""))) | M19: =IF(A19="","",IF(A19=Borelog!$A$7,E19,IF(A19>Borelog!$A$7,IF(SPT_Data!A19<Borelog!$B$7,SPT_Data!E19,""),""))) | N19: =IF(A19="","",IF(A19=Borelog!$A$8,E19,IF(A19>Borelog!$A$8,IF(SPT_Data!A19<Borelog!$B$8,SPT_Data!E19,""),""))) | O19: =IF(A19="","",IF(A19=Borelog!$A$9,E19,IF(A19>Borelog!$A$9,IF(SPT_Data!A19<Borelog!$B$9,SPT_Data!E19,""),""))) | P19: =IF(A19="","",IF(A19=Borelog!$A$10,E19,IF(A19>Borelog!$A$10,IF(SPT_Data!A19<Borelog!$B$10,SPT_Data!E19,""),"")))
H20: =IF(A20="","",IF(A20=Borelog!$A$2,E20,IF(A20>Borelog!$A$2,IF(SPT_Data!A20<Borelog!$B$2,SPT_Data!E20,""),""))) | I20: =IF(A20="","",IF(A20=Borelog!$A$3,E20,IF(A20>Borelog!$A$3,IF(SPT_Data!A20<Borelog!$B$3,SPT_Data!E20,""),""))) | J20: =IF(A20="","",IF(A20=Borelog!$A$4,E20,IF(A20>Borelog!$A$4,IF(SPT_Data!A20<Borelog!$B$4,SPT_Data!E20,""),""))) | K20: =IF(A20="","",IF(A20=Borelog!$A$5,E20,IF(A20>Borelog!$A$5,IF(SPT_Data!A20<Borelog!$B$5,SPT_Data!E20,""),""))) | L20: =IF(A20="","",IF(A20=Borelog!$A$6,E20,IF(A20>Borelog!$A$6,IF(SPT_Data!A20<Borelog!$B$6,SPT_Data!E20,""),""))) | M20: =IF(A20="","",IF(A20=Borelog!$A$7,E20,IF(A20>Borelog!$A$7,IF(SPT_Data!A20<Borelog!$B$7,SPT_Data!E20,""),""))) | N20: =IF(A20="","",IF(A20=Borelog!$A$8,E20,IF(A20>Borelog!$A$8,IF(SPT_Data!A20<Borelog!$B$8,SPT_Data!E20,""),""))) | O20: =IF(A20="","",IF(A20=Borelog!$A$9,E20,IF(A20>Borelog!$A$9,IF(SPT_Data!A20<Borelog!$B$9,SPT_Data!E20,""),""))) | P20: =IF(A20="","",IF(A20=Borelog!$A$10,E20,IF(A20>Borelog!$A$10,IF(SPT_Data!A20<Borelog!$B$10,SPT_Data!E20,""),"")))
H21: =IF(A21="","",IF(A21=Borelog!$A$2,E21,IF(A21>Borelog!$A$2,IF(SPT_Data!A21<Borelog!$B$2,SPT_Data!E21,""),""))) | I21: =IF(A21="","",IF(A21=Borelog!$A$3,E21,IF(A21>Borelog!$A$3,IF(SPT_Data!A21<Borelog!$B$3,SPT_Data!E21,""),""))) | J21: =IF(A21="","",IF(A21=Borelog!$A$4,E21,IF(A21>Borelog!$A$4,IF(SPT_Data!A21<Borelog!$B$4,SPT_Data!E21,""),""))) | K21: =IF(A21="","",IF(A21=Borelog!$A$5,E21,IF(A21>Borelog!$A$5,IF(SPT_Data!A21<Borelog!$B$5,SPT_Data!E21,""),""))) | L21: =IF(A21="","",IF(A21=Borelog!$A$6,E21,IF(A21>Borelog!$A$6,IF(SPT_Data!A21<Borelog!$B$6,SPT_Data!E21,""),""))) | M21: =IF(A21="","",IF(A21=Borelog!$A$7,E21,IF(A21>Borelog!$A$7,IF(SPT_Data!A21<Borelog!$B$7,SPT_Data!E21,""),""))) | N21: =IF(A21="","",IF(A21=Borelog!$A$8,E21,IF(A21>Borelog!$A$8,IF(SPT_Data!A21<Borelog!$B$8,SPT_Data!E21,""),""))) | O21: =IF(A21="","",IF(A21=Borelog!$A$9,E21,IF(A21>Borelog!$A$9,IF(SPT_Data!A21<Borelog!$B$9,SPT_Data!E21,""),""))) | P21: =IF(A21="","",IF(A21=Borelog!$A$10,E21,IF(A21>Borelog!$A$10,IF(SPT_Data!A21<Borelog!$B$10,SPT_Data!E21,""),"")))
H22: =IF(A22="","",IF(A22=Borelog!$A$2,E22,IF(A22>Borelog!$A$2,IF(SPT_Data!A22<Borelog!$B$2,SPT_Data!E22,""),""))) | I22: =IF(A22="","",IF(A22=Borelog!$A$3,E22,IF(A22>Borelog!$A$3,IF(SPT_Data!A22<Borelog!$B$3,SPT_Data!E22,""),""))) | J22: =IF(A22="","",IF(A22=Borelog!$A$4,E22,IF(A22>Borelog!$A$4,IF(SPT_Data!A22<Borelog!$B$4,SPT_Data!E22,""),""))) | K22: =IF(A22="","",IF(A22=Borelog!$A$5,E22,IF(A22>Borelog!$A$5,IF(SPT_Data!A22<Borelog!$B$5,SPT_Data!E22,""),""))) | L22: =IF(A22="","",IF(A22=Borelog!$A$6,E22,IF(A22>Borelog!$A$6,IF(SPT_Data!A22<Borelog!$B$6,SPT_Data!E22,""),""))) | M22: =IF(A22="","",IF(A22=Borelog!$A$7,E22,IF(A22>Borelog!$A$7,IF(SPT_Data!A22<Borelog!$B$7,SPT_Data!E22,""),""))) | N22: =IF(A22="","",IF(A22=Borelog!$A$8,E22,IF(A22>Borelog!$A$8,IF(SPT_Data!A22<Borelog!$B$8,SPT_Data!E22,""),""))) | O22: =IF(A22="","",IF(A22=Borelog!$A$9,E22,IF(A22>Borelog!$A$9,IF(SPT_Data!A22<Borelog!$B$9,SPT_Data!E22,""),""))) | P22: =IF(A22="","",IF(A22=Borelog!$A$10,E22,IF(A22>Borelog!$A$10,IF(SPT_Data!A22<Borelog!$B$10,SPT_Data!E22,""),"")))
H23: =IF(A23="","",IF(A23=Borelog!$A$2,E23,IF(A23>Borelog!$A$2,IF(SPT_Data!A23<Borelog!$B$2,SPT_Data!E23,""),""))) | I23: =IF(A23="","",IF(A23=Borelog!$A$3,E23,IF(A23>Borelog!$A$3,IF(SPT_Data!A23<Borelog!$B$3,SPT_Data!E23,""),""))) | J23: =IF(A23="","",IF(A23=Borelog!$A$4,E23,IF(A23>Borelog!$A$4,IF(SPT_Data!A23<Borelog!$B$4,SPT_Data!E23,""),""))) | K23: =IF(A23="","",IF(A23=Borelog!$A$5,E23,IF(A23>Borelog!$A$5,IF(SPT_Data!A23<Borelog!$B$5,SPT_Data!E23,""),""))) | L23: =IF(A23="","",IF(A23=Borelog!$A$6,E23,IF(A23>Borelog!$A$6,IF(SPT_Data!A23<Borelog!$B$6,SPT_Data!E23,""),""))) | M23: =IF(A23="","",IF(A23=Borelog!$A$7,E23,IF(A23>Borelog!$A$7,IF(SPT_Data!A23<Borelog!$B$7,SPT_Data!E23,""),""))) | N23: =IF(A23="","",IF(A23=Borelog!$A$8,E23,IF(A23>Borelog!$A$8,IF(SPT_Data!A23<Borelog!$B$8,SPT_Data!E23,""),""))) | O23: =IF(A23="","",IF(A23=Borelog!$A$9,E23,IF(A23>Borelog!$A$9,IF(SPT_Data!A23<Borelog!$B$9,SPT_Data!E23,""),""))) | P23: =IF(A23="","",IF(A23=Borelog!$A$10,E23,IF(A23>Borelog!$A$10,IF(SPT_Data!A23<Borelog!$B$10,SPT_Data!E23,""),"")))
H24: =IF(A24="","",IF(A24=Borelog!$A$2,E24,IF(A24>Borelog!$A$2,IF(SPT_Data!A24<Borelog!$B$2,SPT_Data!E24,""),""))) | I24: =IF(A24="","",IF(A24=Borelog!$A$3,E24,IF(A24>Borelog!$A$3,IF(SPT_Data!A24<Borelog!$B$3,SPT_Data!E24,""),""))) | J24: =IF(A24="","",IF(A24=Borelog!$A$4,E24,IF(A24>Borelog!$A$4,IF(SPT_Data!A24<Borelog!$B$4,SPT_Data!E24,""),""))) | K24: =IF(A24="","",IF(A24=Borelog!$A$5,E24,IF(A24>Borelog!$A$5,IF(SPT_Data!A24<Borelog!$B$5,SPT_Data!E24,""),""))) | L24: =IF(A24="","",IF(A24=Borelog!$A$6,E24,IF(A24>Borelog!$A$6,IF(SPT_Data!A24<Borelog!$B$6,SPT_Data!E24,""),""))) | M24: =IF(A24="","",IF(A24=Borelog!$A$7,E24,IF(A24>Borelog!$A$7,IF(SPT_Data!A24<Borelog!$B$7,SPT_Data!E24,""),""))) | N24: =IF(A24="","",IF(A24=Borelog!$A$8,E24,IF(A24>Borelog!$A$8,IF(SPT_Data!A24<Borelog!$B$8,SPT_Data!E24,""),""))) | O24: =IF(A24="","",IF(A24=Borelog!$A$9,E24,IF(A24>Borelog!$A$9,IF(SPT_Data!A24<Borelog!$B$9,SPT_Data!E24,""),""))) | P24: =IF(A24="","",IF(A24=Borelog!$A$10,E24,IF(A24>Borelog!$A$10,IF(SPT_Data!A24<Borelog!$B$10,SPT_Data!E24,""),"")))
H25: =IF(A25="","",IF(A25=Borelog!$A$2,E25,IF(A25>Borelog!$A$2,IF(SPT_Data!A25<Borelog!$B$2,SPT_Data!E25,""),""))) | I25: =IF(A25="","",IF(A25=Borelog!$A$3,E25,IF(A25>Borelog!$A$3,IF(SPT_Data!A25<Borelog!$B$3,SPT_Data!E25,""),""))) | J25: =IF(A25="","",IF(A25=Borelog!$A$4,E25,IF(A25>Borelog!$A$4,IF(SPT_Data!A25<Borelog!$B$4,SPT_Data!E25,""),""))) | K25: =IF(A25="","",IF(A25=Borelog!$A$5,E25,IF(A25>Borelog!$A$5,IF(SPT_Data!A25<Borelog!$B$5,SPT_Data!E25,""),""))) | L25: =IF(A25="","",IF(A25=Borelog!$A$6,E25,IF(A25>Borelog!$A$6,IF(SPT_Data!A25<Borelog!$B$6,SPT_Data!E25,""),""))) | M25: =IF(A25="","",IF(A25=Borelog!$A$7,E25,IF(A25>Borelog!$A$7,IF(SPT_Data!A25<Borelog!$B$7,SPT_Data!E25,""),""))) | N25: =IF(A25="","",IF(A25=Borelog!$A$8,E25,IF(A25>Borelog!$A$8,IF(SPT_Data!A25<Borelog!$B$8,SPT_Data!E25,""),""))) | O25: =IF(A25="","",IF(A25=Borelog!$A$9,E25,IF(A25>Borelog!$A$9,IF(SPT_Data!A25<Borelog!$B$9,SPT_Data!E25,""),""))) | P25: =IF(A25="","",IF(A25=Borelog!$A$10,E25,IF(A25>Borelog!$A$10,IF(SPT_Data!A25<Borelog!$B$10,SPT_Data!E25,""),"")))
H26: =IF(A26="","",IF(A26=Borelog!$A$2,E26,IF(A26>Borelog!$A$2,IF(SPT_Data!A26<Borelog!$B$2,SPT_Data!E26,""),""))) | I26: =IF(A26="","",IF(A26=Borelog!$A$3,E26,IF(A26>Borelog!$A$3,IF(SPT_Data!A26<Borelog!$B$3,SPT_Data!E26,""),""))) | J26: =IF(A26="","",IF(A26=Borelog!$A$4,E26,IF(A26>Borelog!$A$4,IF(SPT_Data!A26<Borelog!$B$4,SPT_Data!E26,""),""))) | K26: =IF(A26="","",IF(A26=Borelog!$A$5,E26,IF(A26>Borelog!$A$5,IF(SPT_Data!A26<Borelog!$B$5,SPT_Data!E26,""),""))) | L26: =IF(A26="","",IF(A26=Borelog!$A$6,E26,IF(A26>Borelog!$A$6,IF(SPT_Data!A26<Borelog!$B$6,SPT_Data!E26,""),""))) | M26: =IF(A26="","",IF(A26=Borelog!$A$7,E26,IF(A26>Borelog!$A$7,IF(SPT_Data!A26<Borelog!$B$7,SPT_Data!E26,""),""))) | N26: =IF(A26="","",IF(A26=Borelog!$A$8,E26,IF(A26>Borelog!$A$8,IF(SPT_Data!A26<Borelog!$B$8,SPT_Data!E26,""),""))) | O26: =IF(A26="","",IF(A26=Borelog!$A$9,E26,IF(A26>Borelog!$A$9,IF(SPT_Data!A26<Borelog!$B$9,SPT_Data!E26,""),""))) | P26: =IF(A26="","",IF(A26=Borelog!$A$10,E26,IF(A26>Borelog!$A$10,IF(SPT_Data!A26<Borelog!$B$10,SPT_Data!E26,""),"")))
H27: =IF(A27="","",IF(A27=Borelog!$A$2,E27,IF(A27>Borelog!$A$2,IF(SPT_Data!A27<Borelog!$B$2,SPT_Data!E27,""),""))) | I27: =IF(A27="","",IF(A27=Borelog!$A$3,E27,IF(A27>Borelog!$A$3,IF(SPT_Data!A27<Borelog!$B$3,SPT_Data!E27,""),""))) | J27: =IF(A27="","",IF(A27=Borelog!$A$4,E27,IF(A27>Borelog!$A$4,IF(SPT_Data!A27<Borelog!$B$4,SPT_Data!E27,""),""))) | K27: =IF(A27="","",IF(A27=Borelog!$A$5,E27,IF(A27>Borelog!$A$5,IF(SPT_Data!A27<Borelog!$B$5,SPT_Data!E27,""),""))) | L27: =IF(A27="","",IF(A27=Borelog!$A$6,E27,IF(A27>Borelog!$A$6,IF(SPT_Data!A27<Borelog!$B$6,SPT_Data!E27,""),""))) | M27: =IF(A27="","",IF(A27=Borelog!$A$7,E27,IF(A27>Borelog!$A$7,IF(SPT_Data!A27<Borelog!$B$7,SPT_Data!E27,""),""))) | N27: =IF(A27="","",IF(A27=Borelog!$A$8,E27,IF(A27>Borelog!$A$8,IF(SPT_Data!A27<Borelog!$B$8,SPT_Data!E27,""),""))) | O27: =IF(A27="","",IF(A27=Borelog!$A$9,E27,IF(A27>Borelog!$A$9,IF(SPT_Data!A27<Borelog!$B$9,SPT_Data!E27,""),""))) | P27: =IF(A27="","",IF(A27=Borelog!$A$10,E27,IF(A27>Borelog!$A$10,IF(SPT_Data!A27<Borelog!$B$10,SPT_Data!E27,""),"")))
... H35: =IF(A35="","",IF(A35=Borelog!$A$2,E35,IF(A35>Borelog!$A$2,IF(SPT_Data!A35<Borelog!$B$2,SPT_Data!E35,""),""))) | I35: =IF(A35="","",IF(A35=Borelog!$A$3,E35,IF(A35>Borelog!$A$3,IF(SPT_Data!A35<Borelog!$B$3,SPT_Data!E35,""),""))) | J35: =IF(A35="","",IF(A35=Borelog!$A$4,E35,IF(A35>Borelog!$A$4,IF(SPT_Data!A35<Borelog!$B$4,SPT_Data!E35,""),""))) | K35: =IF(A35="","",IF(A35=Borelog!$A$5,E35,IF(A35>Borelog!$A$5,IF(SPT_Data!A35<Borelog!$B$5,SPT_Data!E35,""),""))) | L35: =IF(A35="","",IF(A35=Borelog!$A$6,E35,IF(A35>Borelog!$A$6,IF(SPT_Data!A35<Borelog!$B$6,SPT_Data!E35,""),""))) | M35: =IF(A35="","",IF(A35=Borelog!$A$7,E35,IF(A35>Borelog!$A$7,IF(SPT_Data!A35<Borelog!$B$7,SPT_Data!E35,""),""))) | N35: =IF(A35="","",IF(A35=Borelog!$A$8,E35,IF(A35>Borelog!$A$8,IF(SPT_Data!A35<Borelog!$B$8,SPT_Data!E35,""),""))) | O35: =IF(A35="","",IF(A35=Borelog!$A$9,E35,IF(A35>Borelog!$A$9,IF(SPT_Data!A35<Borelog!$B$9,SPT_Data!E35,""),""))) | P35: =IF(A35="","",IF(A35=Borelog!$A$10,E35,IF(A35>Borelog!$A$10,IF(SPT_Data!A35<Borelog!$B$10,SPT_Data!E35,""),"")))
H37: =IF(H38<1,"",AVERAGE(H2:H35)) -> 2 | I37: =IF(I38<1,"",AVERAGE(I2:I35)) -> 2 | J37: =IF(J38<1,"",AVERAGE(J2:J35)) -> 1 | K37: =IF(K38<1,"",AVERAGE(K2:K35)) -> 0 | L37: =IF(L38<1,"",AVERAGE(L2:L35)) -> 0 | M37: =IF(M38<1,"",AVERAGE(M2:M35)) -> 1.6666667 | N37: =IF(N38<1,"",AVERAGE(N2:N35)) -> 3 | O37: =IF(O38<1,"",AVERAGE(O2:O35)) -> 4 | P37: =IF(P38<1,"",AVERAGE(P2:P35)) -> 12
H38: =COUNT(H2:H36) -> 1 | I38: =COUNT(I2:I36) -> 1 | J38: =COUNT(J2:J36) -> 1 | K38: =COUNT(K2:K36) -> 1 | L38: =COUNT(L2:L36) -> 1 | M38: =COUNT(M2:M36) -> 3 | N38: =COUNT(N2:N36) -> 2 | O38: =COUNT(O2:O36) -> 1 | P38: =COUNT(P2:P36) -> 1

Sheet ProjectInfo
B1: 0 | C1: AGS Equivalent / Database Remark
A2: Project Type | B2: PROPOSED G+1 ADMIN BUILDING | C2: Custom project_type; PROJ_MEMO only as nearest AGS text field
A3: Project Location | B3: CHAMPAKKULAM | C3: PROJ.PROJ_LOC
A4: Client Name | B4: Mr. BEJOY MICHLE | C4: PROJ.PROJ_CLNT
A5: Borehole Number | B5: BH 2 | C5: LOCA.LOCA_ID (set LOCA_TYPE for borehole)
A6: Drilling Start Date | B6: 17.08.2026 | C6: LOCA.LOCA_STAR
A7: Drilling Completion Date | B7: 17.08.2026 | C7: LOCA.LOCA_ENDD
A8: Water Table (m) | B8: 0.2 | C8: WSTG/WSTD groundwater observation linked to LOCA_ID
A9: Termination Depth (m) | B9: 23.45 | C9: LOCA.LOCA_FDEP
A10: Borehole Latitude | C10: LOCA.LOCA_LAT (or projected LOCA coordinate fields if grid CRS)
A11: Borehole Longitude | C11: LOCA.LOCA_LON (or projected LOCA coordinate fields if grid CRS)
A12: Reduced Level | C12: LOCA.LOCA_GL

Sheet AGS_Mapping_Remarks
A1: AGS 4.2 Mapping Remarks – Input sheet V8
A2: Basis: project database schema workbook (ags42). Exact AGS mappings are used where defensible; derived/design values are deliberately kept outside AGS rather than forced into unrelated test fields.
A3: Database rule: AGS investigation records are the source of truth. Layer summaries, correlations, adopted design parameters and foundation/pile results should be stored in application extension tables with links back to the relevant LOCA/GEOL/ISPT/CORE/WSTG/WSTD source records.
A4: Important SPT rule: the current Blows @15/@30/@45 cm columns behave as three incremental 150 mm drives. In the UI rename them 0–150, 150–300 and 300–450 mm and populate ISPT_INC1/2/3 plus the corresponding penetration headings.
A6: ID | B6: Source sheet | C6: Source cell(s) / label | D6: Workbook parameter | E6: Role | F6: AGS group | G6: AGS heading(s) / equivalent | H6: Mapping status | I6: Database treatment / remark | J6: Developer note
A7: 1 | B7: ProjectInfo | C7: A2 | D7: Project Type | E7: Project metadata | F7: PROJ | G7: PROJ_MEMO (nearest) | H7: No direct AGS field | I7: Keep a custom project_type field. PROJ_MEMO may carry a textual copy for AGS export, but should not be the primary structured field. | J7: Do not overload PROJ_NAME with project type.
A8: 2 | B8: ProjectInfo | C8: A3 | D8: Project Location | E8: Project metadata | F8: PROJ | G8: PROJ_LOC | H8: Exact | I8: Store in ags42.PROJ.PROJ_LOC.
A9: 3 | B9: ProjectInfo | C9: A4 | D9: Client Name | E9: Project metadata | F9: PROJ | G9: PROJ_CLNT | H9: Exact | I9: Store in ags42.PROJ.PROJ_CLNT.
A10: 4 | B10: ProjectInfo | C10: A5 | D10: Borehole Number | E10: Location identifier | F10: LOCA | G10: LOCA_ID | H10: Exact | I10: Primary investigation location identifier. Also set LOCA_TYPE to the controlled borehole code used by the database.
A11: 5 | B11: ProjectInfo | C11: A6 | D11: Drilling Start Date | E11: Location/drilling metadata | F11: LOCA | G11: LOCA_STAR | H11: Exact | I11: Store as timestamp/date in LOCA_STAR.
A12: 6 | B12: ProjectInfo | C12: A7 | D12: Drilling Completion Date | E12: Location/drilling metadata | F12: LOCA | G12: LOCA_ENDD | H12: Exact | I12: Store as timestamp/date in LOCA_ENDD.
A13: 7 | B13: ProjectInfo | C13: A8 | D13: Water Table (m) | E13: Groundwater observation | F13: WSTG / WSTD | G13: WSTG_DPTH; WSTG_DTIM; WSTD_NMIN/WSTD_POST as applicable | H13: Conditional / composite | I13: Create a groundwater observation linked to LOCA_ID. Use WSTG for the observed level/strike and WSTD details where a timed or stabilized reading is available. | J13: Retain observation time and whether the value is strike, standing or stabilized.
A14: 8 | B14: ProjectInfo | C14: A9 | D14: Termination Depth (m) | E14: Location metadata | F14: LOCA | G14: LOCA_FDEP | H14: Exact | I14: Store final investigation depth in LOCA_FDEP.
A15: 9 | B15: ProjectInfo | C15: A10 | D15: Borehole Latitude | E15: Location coordinates | F15: LOCA | G15: LOCA_LAT | H15: Exact if geographic latitude | I15: Use LOCA_LAT for geographic latitude. If projected grid coordinates are used instead, use the appropriate LOCA grid coordinate headings and datum/CRS metadata.
A16: 10 | B16: ProjectInfo | C16: A11 | D16: Borehole Longitude | E16: Location coordinates | F16: LOCA | G16: LOCA_LON | H16: Exact if geographic longitude | I16: Use LOCA_LON for geographic longitude. If projected coordinates are used, use the appropriate LOCA grid coordinate headings and CRS metadata.
A17: 11 | B17: ProjectInfo | C17: A12 | D17: Reduced Level | E17: Location level | F17: LOCA | G17: LOCA_GL | H17: Exact | I17: Store ground level/reduced level in LOCA_GL and retain the vertical datum/reference.
A18: 12 | B18: Borelog | C18: A1 | D18: Depth From (m) | E18: Stratigraphy | F18: GEOL | G18: GEOL_TOP | H18: Exact | I18: Top depth of the logged geological/soil interval.
A19: 13 | B19: Borelog | C19: B1 | D19: Depth To (m) | E19: Stratigraphy | F19: GEOL | G19: GEOL_BASE | H19: Exact | I19: Base depth of the logged geological/soil interval.
A20: 14 | B20: Borelog | C20: C1 | D20: Soil Description | E20: Stratigraphy | F20: GEOL | G20: GEOL_DESC | H20: Exact | I20: Store the descriptive log in GEOL_DESC. Controlled geology/classification codes may additionally populate GEOL_GEOL/GEOL_GEO2/GEOL_LEG where implemented.
A21: 15 | B21: Borelog | C21: D1 | D21: Thickness | E21: Derived stratigraphy | F21: GEOL | G21: GEOL_BASE - GEOL_TOP | H21: Derived from AGS | I21: Calculate from GEOL_BASE minus GEOL_TOP; avoid duplicating as an independent source field.
A22: 16 | B22: Borelog | C22: E1 | D22: Sand/ clay | E22: Normalized material class | F22: GEOL | G22: GEOL_GEOL / GEOL_GEO2 only if controlled coding exists | H22: Near / derived | I22: Treat the simple S/C flag as an application-derived normalized_material_class. Do not replace the full GEOL_DESC with this flag.
A23: 17 | B23: Borelog | C23: F1 | D23: Average N value | E23: Layer interpretation | F23: ISPT + GEOL | G23: ISPT_NVAL (source rows) | H23: Derived from AGS | I23: Calculate from ISPT_NVAL records within the GEOL interval. Store only as a custom derived-layer attribute with source traceability. | J23: Keep individual SPT records as the source of truth.
A24: 18 | B24: Rock profile | C24: A1 | D24: Depth From (m) | E24: Rock/core interval | F24: CORE / GEOL | G24: CORE_TOP and/or GEOL_TOP | H24: Composite | I24: Use CORE_TOP when the row is a core run; use GEOL_TOP when it is a rock stratum. Split combined rows into linked CORE and GEOL records.
A25: 19 | B25: Rock profile | C25: B1 | D25: Depth To (m) | E25: Rock/core interval | F25: CORE / GEOL | G25: CORE_BASE and/or GEOL_BASE | H25: Composite | I25: Use CORE_BASE for a core run and GEOL_BASE for a logged rock stratum.
A26: 20 | B26: Rock profile | C26: C1 | D26: Rock Description | E26: Rock stratigraphy | F26: GEOL | G26: GEOL_DESC | H26: Exact for description | I26: Store rock description as GEOL_DESC; keep core-run measurements in CORE.
A27: 21 | B27: Rock profile | C27: D1 | D27: Thickness | E27: Derived interval | F27: CORE / GEOL | G27: BASE - TOP | H27: Derived from AGS | I27: Calculate from the applicable top/base fields.
A28: 22 | B28: Rock profile | C28: E1 | D28: Recovery | E28: Core run result | F28: CORE | G28: CORE_PREC | H28: Exact / verify recovery definition | I28: Use CORE_PREC for percentage core recovery. If solid core recovery is later recorded separately, use CORE_SREC for that distinct value.
A29: 23 | B29: Rock profile | C29: F1 | D29: RQD | E29: Core run result | F29: CORE | G29: CORE_RQD | H29: Exact | I29: Store Rock Quality Designation in CORE_RQD.
A30: 24 | B30: Rock profile | C30: G1 | D30: Remark | E30: Core/geology remark | F30: CORE / GEOL | G30: CORE_REM or GEOL_REM | H30: Context dependent | I30: Use CORE_REM for core-run remarks and GEOL_REM for geological-description remarks.
A31: 25 | B31: SPT_Data | C31: A1 | D31: SPT Depth (m) | E31: In-situ SPT | F31: ISPT | G31: ISPT_TOP | H31: Exact | I31: Store the test top depth in ISPT_TOP.
A32: 26 | B32: SPT_Data | C32: B1 | D32: Blows @15cm | E32: SPT increment | F32: ISPT | G32: ISPT_INC1; ISPT_SEAT where applicable | H32: Composite | I32: Treat as the first 150 mm increment. Populate ISPT_INC1 and the corresponding penetration; for a standard seating drive also populate ISPT_SEAT. | J32: Rename UI label to 'Blows 0–150 mm'.
A33: 27 | B33: SPT_Data | C33: C1 | D33: Blows @30cm | E33: SPT increment | F33: ISPT | G33: ISPT_INC2 | H33: Exact as increment | I33: The sheet uses this as the second 150 mm increment, not a cumulative 300 mm total. Populate ISPT_INC2 and matching penetration. | J33: Rename UI label to 'Blows 150–300 mm'.
A34: 28 | B34: SPT_Data | C34: D1 | D34: Blows @45cm | E34: SPT increment | F34: ISPT | G34: ISPT_INC3 | H34: Exact as increment | I34: Third 150 mm increment; populate ISPT_INC3 and matching penetration. | J34: Rename UI label to 'Blows 300–450 mm'.
A35: 29 | B35: SPT_Data | C35: E1 | D35: SPT N-value | E35: In-situ SPT result | F35: ISPT | G35: ISPT_NVAL; ISPT_MAIN | H35: Exact | I35: Store the reported N in ISPT_NVAL. For standard SPT, ISPT_MAIN represents the main drive, normally the second plus third 150 mm blow counts.
A36: 30 | B36: SPT_Data | C36: H1:P1 | D36: Layer 1 ... Layer 9 | E36: Presentation/interpretation | F36: GEOL + ISPT | G36: No separate AGS heading | H36: Derived / avoid redundant storage | I36: Replace these columns with a relational join between ISPT_TOP and GEOL_TOP–GEOL_BASE; only a custom layer-average needs storage if required.

Sheet DB_Extension_Notes
A1: Recommended Database Extensions Around the AGS 4.2 Base Schema
A2: These tables are recommended because AGS is an investigation exchange schema; the workbook also contains interpretation, correlations, design cases and calculation outputs that should remain traceable without corrupting raw AGS data.
A4: Extension table | B4: Purpose | C4: Minimum recommended fields | D4: Links to AGS | E4: Workbook content covered | F4: Implementation remark
A5: tdac_layer_summary | B5: Interpreted/normalized layer view | C5: layer_id, LOCA_ID, top, base, thickness, material_class, avg_spt_n, interpretation_version | D5: LOCA_ID; GEOL interval IDs; ISPT source IDs | E5: Borelog thickness, Sand/Clay flag, Average N; layer blocks in Working/SBC/Pile | F5: Derived cache/view; GEOL and ISPT remain source of truth.
A6: tdac_design_parameter | B6: Adopted/correlated geotechnical parameters | C6: parameter_id, LOCA_ID/zone_id, layer_id, parameter_code, value, unit, scope, basis_method, source_type, approved_by, version | D6: GEOL/ISPT/CORE and relevant lab/in-situ source record IDs | E6: c, φ, density, submerged density, Es, Poisson ratio, subgrade reaction | F6: Never write adopted/correlated values back into raw AGS laboratory result groups.
A7: tdac_foundation_design_case | B7: Shallow foundation input case | C7: case_id, project_id, LOCA_ID/zone_id, footing_type, B, L, embedment_depth, load, inclination, FS, groundwater_observation_id, method, version | D7: PROJ/LOCA; WSTG/WSTD source | E7: Footing geometry, load, FS, depth, water level, footing type | F7: One row per design alternative/load case.
A8: tdac_foundation_result | B8: Shallow foundation outputs | C8: result_id, case_id, calculated_sbc, adopted_sbc, settlement, governing_mode, check_status, units, calculation_version | D8: Indirect via case source links | E8: SBC, provided SBC, settlement, influence/depth factors | F8: Keep calculated and adopted values separate for auditability.
A9: tdac_pile_design_case | B9: Pile geometry and criteria | C9: case_id, project_id, LOCA_ID/zone_id, pile_type, diameter, toe_depth, design_load, uplift_load, end_condition, concrete_grade, negative_skin_friction_flag, bulb fields, method, version | D9: PROJ/LOCA; GEOL/ISPT; groundwater source | E9: Pile diameter/depth/load, bulb, dragload, concrete, FS, lateral criteria | F9: Option 1 / Option 2 become separate case IDs.
A10: tdac_pile_result | B10: Pile axial/uplift/lateral outputs | C10: result_id, case_id, shaft_capacity, end_bearing_capacity, axial_total, uplift_capacity, lateral_capacity, depth_of_fixity, deflection_check, units, governing_condition | D10: Indirect via pile case source links | E10: Friction, end bearing, axial total, uplift, lateral, fixity | F10: Use canonical SI units internally; tonnes should be display conversion only.
A11: tdac_calc_source_link | B11: Traceability from design values/results to evidence | C11: link_id, target_type, target_id, AGS_group, AGS_record_key, contribution_role, note | D11: Any AGS group/row key | E11: All derived values | F11: Essential for audit: user can trace every design parameter/result back to investigation evidence.
A12: tdac_calc_version_audit | B12: Formula/method/version history | C12: version_id, module, version, effective_date, description, formula_hash/code_commit, approved_by | D12: FILE only for source files; otherwise application audit | E12: Version info sheet and calculation revisions | F12: Do not rely on AGS FILE alone for calculation-engine revision history.
